{"options":{},"indexes":[{"v":2,"key":{"_id":1},"name":"_id_","ns":"jenkinsf.feature"},{"v":2,"key":{"sId":1},"name":"sId","ns":"jenkinsf.feature"},{"v":2,"key":{"changeDate":1},"name":"changeDate","ns":"jenkinsf.feature"},{"v":2,"key":{"sTeamID":1},"name":"sTeamID","ns":"jenkinsf.feature"},{"v":2,"key":{"sSprintEndDate":1},"name":"sSprintEndDate","ns":"jenkinsf.feature"},{"v":2,"key":{"sSprintBeginDate":1},"name":"sSprintBeginDate","ns":"jenkinsf.feature"},{"v":2,"key":{"sSprintID":1},"name":"sSprintID","ns":"jenkinsf.feature"}]}